NAMA PRODUK;PRODUCT DESCRIPTION;KATEGORI PRODUK;SATUAN UNIT;MERK;HPP;ECERAN;PARTAI;GROSIR
SHEET WHITE OAK;VIOSHEET VR 0531;12;5;VIOLAM;45000;50000;47000;48000
SHEET BUSAN CHEERY;VIOSHEET VR 0655;12;5;VIOLAM;45000;50000;47000;48000
SHEET ROYAL WALNUT;VIOSHEET VR 0107;12;5;VIOLAM;45000;50000;47000;48000
SHEET ESPRESSO OAK;VIOSHEET VR 0003;12;5;VIOLAM;45000;50000;47000;48000
SHEET BLACK OAK;VIOSHEET VR 0415;12;5;VIOLAM;45000;50000;47000;48000
SHEET URBAN TEAK;VIOSHEET VR 0604;12;5;VIOLAM;45000;50000;47000;48000
SHEET BROWN WOODCUT;VIOSHEET VR 0707;12;5;VIOLAM;45000;50000;47000;48000
SHEET DARK WENGE;VIOSHEET VR 0413;12;5;VIOLAM;45000;50000;47000;48000
SHEET DAEGU CANE;VIOSHEET VR 0518;12;5;VIOLAM;45000;50000;47000;48000
SHEET ENTERNAL CANE;VIOSHEET VR 0519;12;5;VIOLAM;45000;50000;47000;48000
SHEET SILVER CANE;VIOSHEET VR 0520;12;5;VIOLAM;45000;50000;47000;48000
SHEET BARK WOOD;VIOSHEET VR 0297;12;5;VIOLAM;45000;50000;47000;48000
SHEET COOL TEAK;VIOSHEET VR 0231;12;5;VIOLAM;45000;50000;47000;48000
SHEET BROWN PINE;VIOSHEET VR 0817;12;5;VIOLAM;45000;50000;47000;48000
SHEET WHITE NANO GLOSSY;VIOSHEET VR 1004;12;5;VIOLAM;45000;50000;47000;48000
SHEET CAPITAL;VIOSHEET VR 0537;12;5;VIOLAM;45000;50000;47000;48000
SHEET RUSTIC TEAK;VIOSHEET VR 0603;12;5;VIOLAM;45000;50000;47000;48000
SHEET ROYAL OAK;VIOSHEET VR 0400;12;5;VIOLAM;45000;50000;47000;48000
SHEET SILVER ;VIOSHEET VR 9598;12;5;VIOLAM;45000;50000;47000;48000
SHEET JEJU WALNUT;VIOSHEET VR 0407;12;5;VIOLAM;45000;50000;47000;48000
SHEET PY 001 PT;SHEET PY 001 PT;12;5;HOMEGA;45000;50000;47000;48000
SHEET PY 003 PT;SHEET PY 003 PT;12;5;HOMEGA;45000;50000;47000;48000
SHEET PY 004 PT;SHEET PY 004 PT;12;5;HOMEGA;45000;50000;47000;48000
SHEET PY 008 T;SHEET PY 008 T;12;5;HOMEGA;45000;50000;47000;48000
SHEET PY 009 T;SHEET PY 009 T;12;5;HOMEGA;45000;50000;47000;48000
SHEET PY 010 T;SHEET PY 010 T;12;5;HOMEGA;45000;50000;47000;48000
SHEET PY 011 T;SHEET PY 011 T;12;5;HOMEGA;45000;50000;47000;48000
SHEET PY 012 T;SHEET PY 012 T;12;5;HOMEGA;45000;50000;47000;48000
SHEET PY 013 T;SHEET PY 013 T;12;5;HOMEGA;45000;50000;47000;48000
SHEET PY 014 T;SHEET PY 014 T;12;5;HOMEGA;45000;50000;47000;48000
SHEET PY 015 T;SHEET PY 015 T;12;5;HOMEGA;45000;50000;47000;48000
SHEET PY 017 T;SHEET PY 017 T;12;5;HOMEGA;45000;50000;47000;48000
SHEET PY 018 T;SHEET PY 018 T;12;5;HOMEGA;45000;50000;47000;48000
SHEET PY 022 T;SHEET PY 022 T;12;5;HOMEGA;45000;50000;47000;48000
SHEET PY 023 T;SHEET PY 023 T;12;5;HOMEGA;45000;50000;47000;48000
SHEET PY 026 G ;SHEET PY 026 G ;12;5;HOMEGA;45000;50000;47000;48000
SHEET PY 027 G;SHEET PY 027 G;12;5;HOMEGA;45000;50000;47000;48000
SHEET PY 030 G;SHEET PY 030 G;12;5;HOMEGA;45000;50000;47000;48000
SHEET PY 031 G;SHEET PY 031 G;12;5;HOMEGA;45000;50000;47000;48000
SHEET PY 032 G;SHEET PY 032 G;12;5;HOMEGA;45000;50000;47000;48000
SHEET PY 033 G;SHEET PY 033 G;12;5;HOMEGA;45000;50000;47000;48000
SHEET 593 B;SHEET 593 B;12;5;TACO;45000;50000;47000;48000
SHEET 2221 B;SHEET 2221 B;12;5;TACO;45000;50000;47000;48000
SHEET 1878 ;SHEET 1878 ;12;5;TACO;45000;50000;47000;48000
SHEET 351 L;SHEET 351 L;12;5;TACO;45000;50000;47000;48000
SHEET 1028 Z;SHEET 1028 Z;12;5;TACO;45000;50000;47000;48000
ALM L 3M;ALUMINIUM L 3 MTR SILVER;27;10;;1;37500;34500;35500
ALM M 3M;ALUMINIUM M 3 MTR SILVER;27;10;;1;42500;39500;40500
ALM L 6M;ALUMINIUM L 6 MTR SILVER;27;10;;1;75000;72000;73000
ALM M 6M;ALUMINIUM M 6 MTR SILVER;27;10;;1;85000;82000;83000
SIKU L  8 MM DOFF;SIKU L   8 X   8MM DOFF;27;6;;1;35000;35000;35000
SIKU L 8 MM KILAP;SIKU L   8 X   8MM KILAP;27;6;;1;35000;35000;35000
SIKU L 10MM DOFF;SIKU L 10 X 10MM DOFF;27;6;;1;37500;37500;37500
SIKU L 10MM KILAP;SIKU L 10 X 10MM KILAP;27;6;;1;37500;37500;37500
SIKU L 12MM DOFF;SIKU L 12 X 12MM DOFF;27;6;;1;42500;42500;42500
SIKU L 12MM KILAP;SIKU L 12 X 12MM KILAP;27;6;;1;42500;42500;42500
SIKU L 15MM DOFF;SIKU L 15 X 15MM DOFF;27;6;;1;52500;52500;52500
SIKU L 15MM KILAP;SIKU L 15 X 15MM KILAP;27;6;;1;52500;52500;52500
SIKU L 20MM DOFF;SIKU L 20 X 20MM DOFF;27;6;;1;72500;72500;72500
SIKU L 20MM KILAP;SIKU L 20 X 20MM KILAP;27;6;;1;72500;72500;72500
SIKU L 25MM DOFF;SIKU L 25 X 25MM DOFF;27;6;;1;87500;87500;87500
SIKU L 25MM KILAP;SIKU L 25 X 25MM KILAP;27;6;;1;87500;87500;87500
U 8 MM DOFF;U   8 X   8MM DOFF;27;6;;1;65000;65000;65000
U 8 MM KILAP;U   8 X   8MM KILAP;27;6;;1;65000;65000;65000
U 10 MM DOFF;U 10 X 10MM DOFF;27;6;;1;80000;80000;80000
U 10 MM KILAP;U 10 X 10MM KILAP;27;6;;1;80000;80000;80000
U 12 MM DOFF;U 12 X 12MM DOFF;27;6;;1;90000;90000;90000
U 12 MM KILAP;U 12 X 12MM KILAP;27;6;;1;90000;90000;90000
U 15 MM DOFF;U 15 X 15MM DOFF;27;6;;1;115000;115000;115000
U 15 MM KILAP;U 15 X 15MM KILAP;27;6;;1;115000;115000;115000
U 20 MM DOFF;U 20 X 20MM DOFF;27;6;;1;150000;150000;150000
U 20 MM KILAP;U 20 X 20MM KILAP;27;6;;1;150000;150000;150000
PLAT STRIP 8 MM DOFF;PLAT STRIP STL 8 MM DOFF;27;6;;1;33500;33500;33500
PLAT STRIP 8 MM KILAP;PLAT STRIP STL 8 MM KILAP;27;6;;1;33500;33500;33500
PLAT STRIP 10 MM DOFF;PLAT STRIP STL 10 MM DOFF;27;6;;1;37500;37500;37500
PLAT STRIP 10 MM KILAP;PLAT STRIP STL 10 MM KILAP;27;6;;1;37500;37500;37500
PLAT STRIP 12 MM DOFF;PLAT STRIP STL 12 MM DOFF;27;6;;1;40000;40000;40000
PLAT STRIP 12 MM KILAP;PLAT STRIP STL 12 MM KILAP;27;6;;1;40000;40000;40000
PLAT STRIP 15 MM DOFF;PLAT STRIP STL 15 MM DOFF;27;6;;1;45000;45000;45000
PLAT STRIP 15 MM KILAP;PLAT STRIP STL 15 MM KILAP;27;6;;1;45000;45000;45000
PLAT STRIP 20 MM DOFF;PLAT STRIP STL 20 MM DOFF;27;6;;1;47500;47500;47500
PLAT STRIP 20 MM KILAP;PLAT STRIP STL 20 MM KILAP;27;6;;1;47500;47500;47500
PLAT STRIP 25 MM DOFF;PLAT STRIP STL 25 MM DOFF;27;6;;1;50000;50000;50000
PLAT STRIP 25 MM KILAP;PLAT STRIP STL 25 MM KILAP;27;6;;1;50000;50000;50000
PLAT STRIP 30 MM DOFF;PLAT STRIP STL 30 MM DOFF;27;6;;1;55000;55000;55000
PLAT STRIP 30 MM KILAP;PLAT STRIP STL 30 MM KILAP;27;6;;1;55000;55000;55000
PLAT STRIP 50 MM DOFF;PLAT STRIP STL 50 MM DOFF;27;6;;1;75000;75000;75000
PLAT STRIP 50 MM KILAP;PLAT STRIP STL 50 MM KILAP;27;6;;1;75000;75000;75000
PLAT STRIP 100 MM DOFF;PLAT STRIP STL 100 MM DOFF;27;6;;1;150000;150000;150000
PLAT STRIP 100 MM KILAP;PLAT STRIP STL 100 MM KILAP;27;6;;1;150000;150000;150000
FA-128 ANODIZE;FRAME AL 128 ANODIZE;27;6;;1;140000;140000;140000
FA-128 PASIR;FRAME AL 128 PASIR;27;6;;1;160000;160000;160000
FA-128 BRUSH;FRAME AL 128 BRUSH;27;6;;1;160000;160000;160000
FA-128 SS;FRAME AL 128 SS;27;6;;1;145000;145000;145000
FA-128 WEP;FRAME AL 128 WEP;27;6;;1;145000;145000;145000
FA-128 MIRROR;FRAME AL 128 MIRROR;27;6;;1;160000;160000;160000
FHD-127 ANODIZE;FRAME HANDLE AL 127 ANODIZE;27;6;;1;180000;180000;180000
FHD-127 PASIR;FRAME HANDLE AL 127 PASIR;27;6;;1;210000;210000;210000
FHD-127 BRUSH;FRAME HANDLE AL 127 BRUSH;27;6;;1;210000;210000;210000
FHD-127 SS;FRAME HANDLE AL 127 SS;27;6;;1;190000;190000;190000
FHD-127 WEP;FRAME HANDLE AL 127 WEP;27;6;;1;190000;190000;190000
FHD-127 MIRROR;FRAME HANDLE AL 127 MIRROR;27;6;;1;210000;210000;210000
FHD-128 ANODIZE;FRAME HANDLE AL 128 ANODIZE;27;6;;1;160000;160000;160000
FHD-128 PASIR;FRAME HANDLE AL 128 PASIR;27;6;;1;190000;190000;190000
FHD-128 BRUSH;FRAME HANDLE AL 128 BRUSH;27;6;;1;190000;190000;190000
FHD-128 SS;FRAME HANDLE AL 128 SS;27;6;;1;170000;170000;170000
FHD-128 WEP;FRAME HANDLE AL 128 WEP;27;6;;1;170000;170000;170000
FHD-128 MIRROR;FRAME HANDLE AL 128 MIRROR;27;6;;1;190000;190000;190000
FHD-130 ANODIZE;FRAME HANDLE AL 130 ANODIZE;27;6;;1;195000;195000;195000
FHD-130 PASIR;FRAME HANDLE AL 130 PASIR;27;6;;1;230000;230000;230000
FHD-130 BRUSH;FRAME HANDLE AL 130 BRUSH;27;6;;1;230000;230000;230000
FHD-130 SS;FRAME HANDLE AL 130 SS;27;6;;1;200000;200000;200000
FHD-130 WEP;FRAME HANDLE AL 130 WEP;27;6;;1;200000;200000;200000
FHD-130 MIRROR;FRAME HANDLE AL 130 MIRROR;27;6;;1;230000;230000;230000
FHD-129 ANODIZE;FRAME HANDLE 129 ANODIZE;27;6;;1;145000;145000;145000
FHD-129 PASIR;FRAME HANDLE 129 PASIR;27;6;;1;165000;165000;165000
FHD-129 BRUSH;FRAME HANDLE 129 BRUSH;27;6;;1;165000;165000;165000
FA-45 ANODIZE;FRAME AL 45 ANODIZE;27;6;;1;115000;115000;115000
FA-45 PASIR;FRAME AL 45 PASIR;27;6;;1;135000;135000;135000
FA-45 BRUSH;FRAME AL 45 BRUSH;27;6;;1;135000;135000;135000
FA-45 SS;FRAME AL 45 SS;27;6;;1;115000;115000;115000
FHD-45 ANODIZE;FRAME HANDLE 45 ANODIZE;27;6;;1;135000;135000;135000
FHD-45 PASIR;FRAME HANDLE 45 PASIR;27;6;;1;155000;155000;155000
FHD-45 BRUSH;FRAME HANDLE 45 BRUSH;27;6;;1;155000;155000;155000
FHD-45 SS;FRAME HANDLE 45 SS;27;6;;1;135000;135000;135000
FB-46 ANODIZE;FRAME BELAKANG 46 ANODIZE;27;6;;1;105000;105000;105000
FB-46 PASIR;FRAME BELAKANG 46 PASIR;27;6;;1;120000;120000;120000
FHD-46 ANODIZE;FRAME HANDLE 46 ANODIZE;27;6;;1;120000;120000;120000
FHD-46 PASIR;FRAME HANDLE 46 PASIR;27;6;;1;140000;140000;140000
FHD-46 BRUSH;FRAME HANDLE 46 BRUSH;27;6;;1;140000;140000;140000
FA-19 ANODIZE;FRAME AL 19 ANODIZE;27;6;;1;95000;95000;95000
FA-19 PASIR;FRAME AL 19 PASIR;27;6;;1;115000;115000;115000
FA-19 BRUSH;FRAME AL 19 BRUSH;27;6;;1;115000;115000;115000
FA-19 WEP;FRAME AL 19 WEP;27;6;;1;95000;95000;95000
FA-48 ANODIZE;FRAME AL 48 ANODIZE;27;6;;1;110000;110000;110000
FA-48 PASIR;FRAME AL 48 PASIR;27;6;;1;130000;130000;130000
FA-48 BRUSH;FRAME AL 48 BRUSH;27;6;;1;130000;130000;130000
FA-48 WEP;FRAME AL 48 WEP;27;6;;1;110000;110000;110000
;;;;;;;;
FT-45 ANODIZE;FRAME TENGAH 45 ANODIZE;27;6;;1;115000;115000;115000
FT-45 PASIR;FRAME TENGAH 45 PASIR;27;6;;1;135000;135000;135000
FT-45 BRUSH;FRAME TENGAH 45 BRUSH;27;6;;1;135000;135000;135000
FT-45 SS;FRAME TENGAH 45 SS;27;6;;1;115000;115000;115000
;;;;;;;;
GP-30 ANODIZE;HANDLE AL GP 30 ANODIZE;27;6;;1;125000;125000;125000
GP-30 PASIR;HANDLE AL GP 30 PASIR;27;6;;1;145000;145000;145000
GP-30 BRUSH;HANDLE AL GP 30 BRUSH;27;6;;1;145000;145000;145000
GP-30 SS;HANDLE AL GP 30 SS;27;6;;1;125000;125000;125000
GP-30 MIRROR;HANDLE AL GP 30 MIRROR;27;6;;1;145000;145000;145000
;;;;;;;;
GP-32 ANODIZE;HANDLE AL GP 32 ANODIZE;27;6;;1;125000;125000;125000
GP-32 PASIR;HANDLE AL GP 32 PASIR;27;6;;1;145000;145000;145000
GP-32 BRUSH;HANDLE AL GP 32 BRUSH;27;6;;1;145000;145000;145000
GP-32 SS;HANDLE AL GP 32 SS;27;6;;1;125000;125000;125000
GP-32 MIRROR;HANDLE AL GP 32 MIRROR;27;6;;1;145000;145000;145000
;;;;;;;;
GP-35 ANODIZE;HANDLE AL GP 35 ANODIZE;27;6;;1;15500;15500;15500
GP-35 PASIR;HANDLE AL GP 35 PASIR;27;6;;1;175000;175000;175000
GP-35 BRUSH;HANDLE AL GP 35 BRUSH;27;6;;1;175000;175000;175000
GP-35 SS;HANDLE AL GP 35 SS;27;6;;1;155000;155000;155000
GP-35 MIRROR;HANDLE AL GP 35 MIRROR;27;6;;1;175000;175000;175000
;;;;;;;;
GP-36 ANODIZE;HANDLE AL GP 36 ANODIZE;27;6;;1;155000;155000;155000
GP-36 PASIR;HANDLE AL GP 36 PASIR;27;6;;1;175000;175000;175000
GP-36 BRUSH;HANDLE AL GP 36 BRUSH;27;6;;1;175000;175000;175000
GP-36 SS;HANDLE AL GP 36 SS;27;6;;1;155000;155000;155000
GP-36 MIRROR;HANDLE AL GP 36 MIRROR;27;6;;1;175000;175000;175000
;;;;;;;;
GP-37 ANODIZE;HANDLE AL GP 37 ANODIZE;27;6;;1;120000;120000;120000
GP-37 PASIR;HANDLE AL GP 37 PASIR;27;6;;1;135000;135000;135000
GP-37 BRUSH;HANDLE AL GP 37 BRUSH;27;6;;1;135000;135000;135000
GP-37 SS;HANDLE AL GP 37 SS;27;6;;1;120000;120000;120000
GP-37 MIRROR;HANDLE AL GP 37 MIRROR;27;6;;1;135000;135000;135000
;;;;;;;;
GP-38 ANODIZE;HANDLE AL GP 38 ANODIZE;27;6;;1;120000;120000;120000
GP-38 PASIR;HANDLE AL GP 38 PASIR;27;6;;1;135000;135000;135000
GP-38 BRUSH;HANDLE AL GP 38 BRUSH;27;6;;1;135000;135000;135000
GP-38 SS;HANDLE AL GP 38 SS;27;6;;1;120000;120000;120000
GP-38 MIRROR;HANDLE AL GP 38 MIRROR;27;6;;1;135000;135000;135000
;;;;;;;;
LT-06 ANODIZE;LIST T 06 ANODIZE;27;6;;1;27000;27000;27000
LT-06 PASIR;LIST T 06 PASIR;27;6;;1;30000;30000;30000
LT-06 SS;LIST T 06 SS;27;6;;1;27000;27000;27000
LT-06 MIRROR;LIST T 06 MIRROR;27;6;;1;30000;30000;30000
;;;;;;;;
L JAMUR-06 ANODIZE;LIST T JAMUR 06 ANODIZE;27;6;;1;30000;30000;30000
L JAMUR-06 PASIR;LIST T JAMUR 06 PASIR;27;6;;1;34000;34000;34000
L JAMUR-06 SS;LIST T JAMUR 06 SS;27;6;;1;30000;30000;30000
L JAMUR-06 MIRROR;LIST T JAMUR 06 MIRROR;27;6;;1;34000;34000;34000
;;;;;;;;
LT-08 ANODIZE;LIST T 08 ANODIZE;27;6;;1;30000;30000;30000
LT-08 PASIR;LIST T 08 PASIR;27;6;;1;34000;34000;34000
LT-08 SS;LIST T 08 SS;27;6;;1;30000;30000;30000
LT-08 MIRROR;LIST T 08 MIRROR;27;6;;1;340000;340000;340000
;;;;;;;;
LT-12 ANODIZE;LIST T 12 ANODIZE;27;6;;1;34000;34000;34000
LT-12 PASIR;LIST T 12 PASIR;27;6;;1;39000;39000;39000
LT-12 SS;LIST T 12 SS;27;6;;1;34000;34000;34000
LT-12 MIRROR;LIST T 12 MIRROR;27;6;;1;39000;39000;39000
;;;;;;;;
EA-17 ANODIZE;EDGING AL 17 ANODIZE;27;6;;1;32000;32000;32000
EA-17 PASIR;EDGING AL 17 PASIR;27;6;;1;37000;37000;37000
EA-17 BRUSH;EDGING AL 17 BRUSH;27;6;;1;37000;37000;37000
EA-17 SS;EDGING AL 17 SS;27;6;;1;32000;32000;32000
EA-17 MIRROR;EDGING AL 17 MIRROR;27;6;;1;37000;37000;37000
;;;;;;;;
EA-19 ANODIZE;EDGING 19 ANODIZE;27;6;;1;37000;37000;37000
EA-19 PASIR;EDGING 19 PASIR;27;6;;1;42000;42000;42000
EA-19 BRUSH;EDGING 19  BRUSH;27;6;;1;42000;42000;42000
EA-19 SS;EDGING 19 SS;27;6;;1;37000;37000;37000
EA-19 MIRROR;EDGING 19 MIRROR;27;6;;1;42000;42000;42000
;;;;;;;;
EA-92 ANODIZE;EDGING 92 ANODIZE;27;6;;1;37000;37000;37000
EA-92 PASIR;EDGING 92 PASIR;27;6;;1;42000;42000;42000
EA-92 BRUSH;EDGING 92 BRUSH;27;6;;1;42000;42000;42000
EA-92 SS;EDGING 92 SS;27;6;;1;37000;37000;37000
TAKI POLOS;TAKI POLOS KACA ES;11;5;TAKI;45000;50000;47000;48000
TAKI KOTAK KC;TAKI KOTAK KECIL;11;5;TAKI;50000;55000;52000;53000
TAKI KOTAK BS;TAKI KOTAK BESAR;11;5;TAKI;52500;57500;54500;55500
ST ONE WAY;STICKER KACA ONE WAY;11;5;NO BRAND;115000;120000;117000;118000
ST PUTIH SUSU 110;STICKER KACA SUSU 110 CM;11;5;NO BRAND;50000;55000;52000;53000
ST PUTIH SUSU 155;STICKER KACA SUSU 155 CM;11;5;NO BRAND;95000;100000;97000;98000
ST BUNGA 100;STICKER KACA BUNGA 100 CM;11;5;LUCKY;50000;55000;52000;53000
ST BAMBU;STICKER KACA BAMBU;11;5;LUCKY;75000;80000;77000;78000
ST KOTAK GLITTER;STICKER KACA KOTAK GLITTER;11;5;LUCKY;75000;80000;77000;78000
MARKS CLEAR;SEALANT MARKS CLEAR;13;6;MARKS;43000;45000;43500;44000
MARKS WHITE;SEALANT MARKS CLEAR;13;6;MARKS;43000;45000;43500;44000
MARKS BLACK;SEALANT MARKS CLEAR;13;6;MARKS;43000;45000;43500;44000
MARKS LIGHT GREY;SEALANT MARKS CLEAR;13;6;MARKS;43000;45000;43500;44000
MARKS ALM GREY;SEALANT MARKS CLEAR;13;6;MARKS;43000;45000;43500;44000
KK SOFA [] A111 6 CM;KAKI SOFA KOTAK A111 6 CM;14;6;IS;25000;27000;26000;26500
KK SOFA [] A111 8 CM;KAKI SOFA KOTAK A111 8 CM;14;6;IS;26000;28000;27000;27500
KK SOFA [] A111 10 CM;KAKI SOFA KOTAK A111 10 CM;14;6;IS;27000;29000;28000;28500
KK SOFA [] A111 12CM;KAKI SOFA KOTAK A111 12 CM;14;6;IS;28000;30000;29000;29500
KK SOFA [] A111 15 CM;KAKI SOFA KOTAK A111 15 CM;14;6;IS;30000;32000;31000;31500
KK SOFA [] A111 20 CM;KAKI SOFA KOTAK A111 20 CM;14;6;IS;32000;34000;33000;33500
;;;;;;;;
KK SOFA [] A112 6 CM;KAKI SOFA KOTAK A112 6 CM;14;6;IS;24000;26000;25000;25500
KK SOFA [] A112 8 CM;KAKI SOFA KOTAK A112 8 CM;14;6;IS;25000;27000;26000;26500
KK SOFA [] A112 10 CM;KAKI SOFA KOTAK A112 10 CM;14;6;IS;26000;28000;27000;27500
KK SOFA [] A112 12CM;KAKI SOFA KOTAK A112 12 CM;14;6;IS;27000;29000;28000;28500
KK SOFA [] A112 15 CM;KAKI SOFA KOTAK A112 15 CM;14;6;IS;29000;31000;30000;30500
KK SOFA [] A112 20 CM;KAKI SOFA KOTAK A112 20 CM;14;6;IS;31000;33000;32000;32500
;;;;;;;;
KK SOFA O A096 6 CM;KK SOFA BULAT A096 6 CM;14;6;IS;25000;27000;26000;26500
KK SOFA O A096 8 CM;KK SOFA BULAT A096 8 CM;14;6;IS;26000;28000;27000;27500
KK SOFA O A096 10 CM;KK SOFA BULAT A096 10 CM;14;6;IS;27000;29000;28000;28500
KK SOFA O A096 12 CM;KK SOFA BULAT A096 12 CM;14;6;IS;28000;30000;29000;29500
KK SOFA O A096 15 CM;KK SOFA BULAT A096 15 CM;14;6;IS;30000;32000;31000;31500
KK SOFA O A096 20 CM;KK SOFA BULAT A096 20 CM;14;6;IS;32000;34000;33000;33500
;;;;;;;;
STRONGMAN F 15;PAKU TEMBAK STRONGMAN F 15;14;7;STRONGMAN;1;23500;21500;21500
STRONGMAN F 20;PAKU TEMBAK STRONGMAN F 20;14;7;STRONGMAN;1;26000;24000;24000
STRONGMAN F 25;PAKU TEMBAK STRONGMAN F 25;14;7;STRONGMAN;1;30000;28000;28000
STRONGMAN F 30;PAKU TEMBAK STRONGMAN F 30;14;7;STRONGMAN;1;33500;31500;31500
;;;;;;;;
NEPLA F 10;PAKU TEMBAK NEPLA F 10;14;7;NEPLA;1;17500;15500;15500
NEPLA F 15;PAKU TEMBAK NEPLA F 15;14;7;NEPLA;1;18000;16000;16000
NEPLA F 20;PAKU TEMBAK NEPLA F 20;14;7;NEPLA;1;21000;19000;19000
NEPLA F 25;PAKU TEMBAK NEPLA F 25;14;7;NEPLA;1;24000;22000;22000
NEPLA F 30;PAKU TEMBAK NEPLA F 20;14;7;NEPLA;1;28500;26500;26500
;;;;;;;;
STAPLES 1008 J;ISI STAPLES NEPLA 1008 J;14;7;NEPLA;16000;18000;16000;16500
STAPLES 1013 J;ISI STAPLES NEPLA 1013 J;14;7;NEPLA;20000;22000;21000;21500
STAPLES 1016 J;ISI STAPLES NEPLA 1016 J;14;7;NEPLA;22000;24000;23000;23500
;;;;;;;;
KC HAFELE 138-2 CM;138 - 2CM HAFELE ASLI;15;6;HAFELE;1;40000;37500;37500
KC KAFELE 138-2 CM;138 - 2CM KAFELE;15;6;KAFELE;1;17500;16000;16000
KC KAFELE 138-3 CM;138 - 3CM KAFELE;15;6;KAFELE;1;27500;26000;26000
KC KAFELE 103-25 MM;CABINET 103 - 25MM KAFELE;15;6;KAFELE;1;20000;18500;18500
KC KAFELE 103-30 MM;CABINET 103 - 30MM KAFELE;15;6;KAFELE;1;21000;19500;19500
KC ALBION 103-20 MM;CABINET 103 - 20MM ALBION;15;6;ALBION;1;12500;11000;11000
KC ALBION 103-30 MM;CABINET 103 - 30MM ALBION;15;6;ALBION;1;13500;12000;12000
KC KAFELE TUSUK 105;TUSUK 105 KAFELE;15;6;KAFELE;1;17500;16000;16000
;;;;;;;;
AMB BENING + KOP KC;AMBALAN BENING + KOP KACA;16;6;IS;1;750;725;725
AMB BESI + KOP KC;AMBALAN BESI + KOP KACA;16;6;IS;1;700;675;675
AMB JEP KC CHK KUKU;AMBALAN JEPITAN KACA CHR KUKU;16;6;IS;1;5000;4800;4800
AMB JEP 1/2 BULAT NIKEL;AMBALAN JEPITAN 1/2 BULAT NIKEL;16;6;IS;1;2000;1900;1900
AJ 7 AMB JPT SKRUP;AJ-7 AMBALAN JEPIT (SKRUP);16;6;;1;2000;2000;2000
AJ 9 AMB JPT PIN;AJ-9 AMBALAN JEPIT (PIN);16;6;;1;2000;2000;2000
AKP 10;AKP-10 AMBALAN PLAT;16;6;;1;750;750;750
AKP 15;AKP-15 AMBALAN PLAT;16;6;;1;800;800;800
AKZ 14;AKZ-14 AMBALAN KACA ZINC;16;6;;1;1750;1750;1750
AK 06;AK-06 AMBALAN KARET;16;6;;1;1400;1400;1400
F 004;F-004 AMBALAN JEPIT;16;6;;1;4800;4800;4800
RH 13;RH-13 AMBALAN KACA;16;6;;1;1200;1200;1200
RH 21;RH-21 AMBALAN BESI RING;16;6;;1;1000;1000;1000
AB 5;AB-5 AMBALAN BENING;16;6;;1;500;500;500
;;;;;;;;
VINYL 2 CM - 20 MTR;BAN VINYL 2 CM - 20 MTR;17;5;NO BRAND;1;10000;10000;10000
VINYL 4 CM - 20 MTR;BAN VINYL 4 CM - 20 MTR;17;5;NO BRAND;1;23000;23000;23000
VINYL 5 CM - 20 MTR;BAN VINYL 5 CM - 20 MTR;17;5;NO BRAND;1;30000;30000;30000
VINYL 2 CM - ROLL;BAN VINYL 2 CM - ROLL;17;5;NO BRAND;1;100000;100000;100000
VINYL 4 CM - ROLL;BAN VINYL 4 CM - ROLL;17;5;NO BRAND;1;185000;185000;185000
VINYL 5 CM - ROLL;BAN VINYL 5 CM - ROLL;17;5;NO BRAND;1;240000;240000;240000
;;;;;;;;
SARINGAN []  L SILVER;SARINGAN LEMARI KOTAK L SILVER;14;6;;1;13000;12000;12000
SARINGAN [] L STANLESS;SARINGAN LEMARI KOTAK L STANLESS;14;6;;1;17000;16000;16000
SARINGAN []  PLS COKLAT;SARINGAN LEMARI KOTAK PLS COKLAT;14;6;;1;5000;4500;4500
SARINGAN []  PLS PUTIH;SARINGAN LEMARI KOTAK PLS PUTIH;14;6;;1;5000;4500;4500
SARINGAN []  PLS CREAM;SARINGAN LEMARI KOTAK PLS CREAM;14;6;;1;5000;4500;4500
;;;;;;;;
SARINGAN O PUTIH;SARINGAN LEMARI BULAT PUTIH;14;6;;1;1500;1500;1500
SARINGAN O COKLAT;SARINGAN LEMARI BULAT COKLAT;14;6;;1;1500;1500;1500
SARINGAN 0 NYLON CREAM;SARINGAN LEMARI OVAL NYLON CREAM;14;6;;1;15000;15000;15000
;;;;;;;;
"BRACKET O 1 1/4"" UJUNG";BRACKET PIPA 1 1/4 INCH (32MM) UJUNG;14;6;;1;17500;16000;16000
"BRACKET O 1 1/4"" TENGAH";BRACKET PIPA 1 1/4 INCH (32MM) TENGAH;14;6;;1;17500;16000;16000
"BRACKET TOPI 1 1/4""";BRACKET TOPI 1 1/4 INCH (32MM);14;6;;1;12500;12000;12000
BP 16 OVAL;BRACKET PIPA  16 OVAL;14;6;;1;10000;10000;10000
BP 19 TOPI;BRACKET PIPA  19 TOPI;14;6;;1;12500;12500;12500
BP 25 TOPI;BRACKET PIPA  25 TOPI;14;6;;1;15000;15000;15000
PT 19 TIANG;PT 19 TIANG;14;6;;1;18000;18000;18000
PT 25 TIANG;PT 25 TIANG;14;6;;1;22000;22000;22000
PU 19 TIANG;PU 19 TIANG;14;6;;1;18000;18000;18000
PU 25 TIANG;PU 25 TIANG;14;6;;1;22000;22000;22000
;;;;;;;;
"SKRUP KC SOLA 2""";SEKRUP KACA SOLA 2 INCH;18;6;;1;2000;1950;1950
"SKRUP KC SOLA 1 1/2""";SEKRUP KACA SOLA 1 1/2 INCH;18;6;;1;1600;1550;1550
"SKRUP KC SOLA 1 1/4""";SEKRUP KACA SOLA 1 1/4 INCH;18;6;;1;1500;1450;1450
"SKRUP KC SOLA 1""";SEKRUP KACA SOLA 1 INCH;18;6;;1;1450;1350;1350
"SKRUP KC SOLA 3/4""";SEKRUP KACA SOLA 3/4 INCH;18;6;;1;1400;1350;1350
;;;;;;;;
SIKU  L TAJAMAN VERSENG;PLAT L TAJAMAN VERSENG;19;6;;1;1000;750;750
SIKU L HAFELE CHROME;PLAT SIKU L HAFELE CHROME;19;6;;1;13500;13000;13000
SIKU L 2 X 3 VERSENG;PLAT SIKU L 2 X 3 VERSENG;19;6;;1;2500;2000;2000
SIKU L 2 1/2 X 2 1/2 X 5 CM;PLAT SIKU L 2 1/2 X 2 1/2 X 5 CM;19;6;;1;3000;2500;2500
SIKU L 2 1/2 X 2 1/2 X 6 CM;PLAT SIKU L 2 1/2 X 2 1/2 X 6 CM;19;6;;1;3000;2500;2500
;;;;;;;;
SIKU L VERSENG POLOS 4CM;PLAT SIKU L VERSENG POLOS   4 X   4CM;19;6;;1;5000;5000;5000
SIKU L VERSENG POLOS 5CM;PLAT SIKU L VERSENG POLOS   5 X   5CM;19;6;;1;6000;6000;6000
SIKU L VERSENG POLOS 6CM;PLAT SIKU L VERSENG POLOS   6 X   6CM;19;6;;1;7000;7000;7000
SIKU L VERSENG POLOS 8CM;PLAT SIKU L VERSENG POLOS   8 X   8CM;19;6;;1;8000;8000;8000
SIKU L VERSENG POLOS 10CM;PLAT SIKU L VERSENG POLOS 10 X 10CM;19;6;;1;9000;9000;9000
;;;;;;;;
TUTUP KABEL COKLAT;TUTUP KABEL BULAT COKLAT;14;6;;1;4000;3500;3500
TUTUP KABEL HITAM;TUTUP KABEL BULAT HITAM;14;6;;1;4000;3500;3500
TUTUP KABEL CREAM;TUTUP KABEL BULAT CREAM;14;6;;1;4000;3500;3500
TUTUP KABEL PUTIH;TUTUP KABEL BULAT PUTIH;14;6;;1;4000;3500;3500
;;;;;;;;
SOLASI KERTAS;SOLASI KERTAS;14;6;NACHI;1;8000;8000;8000
CUTTER KENKO ;CUTTER KENKO ;14;6;KENKO;1;15000;15000;15000
CUTTER JOYKO;CUTTER JOYKO;14;6;JOYKO;1;18000;18000;18000
ISI CUTTER;ISI CUTTER;14;6;KENKO;1;7000;7000;7000
CUTTER AKRILIK;CUTTER ACRYLIC RG-334;14;6;;1;20000;18000;18000
ISI CUTTER AKRILIK;MATA CUTTER ACRYLIC RG-334;14;6;;1;20000;18000;18000
BRACKET H-5;BRACKET H-5 U CHROME;20;6;;1;12500;11000;11000
BRACKET H-5 UJUNG;BRACKET H-5 U UJUNG;20;6;;1;23000;21500;21500
BRACKET PIPA KOTAK;BRACKET PIPA KOTAK CHROME;20;6;;1;13500;12000;12000
TUTUP PIPA KOTAK;PLASTIK TUTUP PIPA KOTAK CHR;14;6;;1;5000;4000;4000
DUDUKAN T.BRACKET ;DUDUKAN T.BRACKET CHR + BAUT;14;6;;1;17500;16000;16000
;;;;;;;;
MT BOR KAYU TCT 20MM;MATA BOR KAYU TCT 20MM;14;6;;1;45000;45000;45000
MT BOR KAYU TCT 22MM;MATA BOR KAYU TCT 22MM;14;6;;1;45000;45000;45000
MT BOR KAYU TCT 25MM;MATA BOR KAYU TCT 25MM;14;6;;1;47000;47000;47000
MT BOR KAYU TCT 35MM;MATA BOR KAYU TCT 35MM;14;6;;1;50000;50000;50000
;;;;;;;;
MT BOR KY KTK MERAH 20MM;MATA BOR KAYU KOTAK MERAH 20MM;14;6;;1;23000;23000;23000
MT BOR KY KTK MERAH 22MM;MATA BOR KAYU KOTAK MERAH 22MM;14;6;;1;23000;23000;23000
MT BOR KY KTK MERAH 25MM;MATA BOR KAYU KOTAK MERAH 25MM;14;6;;1;24000;24000;24000
MT BOR KY KTK MERAH 35MM;MATA BOR KAYU KOTAK MERAH 35MM;14;6;;1;25000;25000;25000
;;;;;;;;
"RODA LAHER ULIH 1""";RODA LAHER ULIH 1 INCH COAK;21;6;;1;5500;5000;5000
"RODA LAHER ULIH 3/4""";RODA LAHER ULIH 3/4 INCH COAK;21;6;;1;4000;3500;3500
;;;;;;;;
REL PT SLID MULLER J3;REL PINTU SLIDING MULLER J3;22;9;;1;175000;175000;175000
REL PT SLID MULLER J4;REL PINTU SLIDING MULLER J4;22;9;;1;195000;195000;195000
REL PT SLID MULLER J4;REL PINTU SLIDING MULLER J5;22;9;;1;205000;205000;205000
REL PT SLID 777 - A3;REL PINTU SLIDING 777 - A3;22;9;;1;125000;125000;125000
REL PT SLID 777 - A4;REL PINTU SLIDING 777 - A4;22;9;;1;135000;135000;135000
REL PT SLID 777 - A5;REL PINTU SLIDING 777 - A5;22;9;;1;145000;145000;145000
RODA 280 CHR;RODA 280 CHR;21;6;;1;75000;75000;75000
;;;;;;;;
HOOK BAJU SINGLE;GANTUNGAN BAJU SINGLE;14;6;;1;10000;10000;10000
HOOK BAJU DOUBLE;GANTUNGAN BAJU DOUBLE;14;6;;1;12500;12500;12500
;;;;;;;;
PIL KB 8MM;BUMPER / PIL KB   8MM @80 BJ/LBR;14;1;;1;20000;20000;20000
PIL KB 10MM;BUMPER / PIL KB 10MM @50 BJ/LBR;14;1;;1;20000;20000;20000
PIL KB 12MM;BUMPER / PIL KB 12MM @40 BJ/LBR;14;1;;1;20000;20000;20000
;;;;;;;;
FISHER S6;FISHER S6;18;7;;1;11000;11000;11000
FISHER S8;FISHER S8;18;7;;1;12500;12500;12500
BAUT KY PANJANG;BAUT KAYU PANJANG;18;7;;1;1;1;1
;;;;;;;;
FAB 6 x 5/8;BAUT FAB 6 x 5/8;18;7;FAB;1;60000;60000;60000
FAB 6 x 5/8 - PLASTIK;BAUT FAB 6 x 5/8;18;8;FAB;1;6000;6000;6000
FAB 6 x 3/4;BAUT FAB 6 x 3/4;18;7;FAB;1;70000;70000;70000
FAB 6 x 3/4 - PLASTIK;BAUT FAB 6 x 3/4;18;8;FAB;1;7000;7000;7000
FAB 6 x 1;BAUT FAB 6 x 1;18;7;FAB;1;45000;45000;45000
FAB 6 x 1 - PLASTIK;BAUT FAB 6 x 1;18;8;FAB;1;5000;5000;5000
FAB 6 x 11/4;BAUT FAB 6 x 11/4;18;7;FAB;1;55000;55000;55000
FAB 6 x 11/4 - PLASTIK;BAUT FAB 6 x 11/4;18;8;FAB;1;6000;6000;6000
FAB 6 x 11/2;BAUT FAB 6 x 11/2;18;7;FAB;1;65000;65000;65000
FAB 6 x 11/2 - PLASTIK;BAUT FAB 6 x 11/2;18;8;FAB;1;7000;7000;7000
FAB 8 x 2;BAUT FAB 8 x 2;18;7;FAB;1;112000;112000;112000
FAB 8 x 2 - PLASTIK;BAUT FAB 8 x 2;18;7;FAB;1;9000;9000;9000
;;;;;;;;
DWS 6 x 1;BAUT DWS 6 x 1;18;7;DRYWALL SCREW;1;6000;6000;6000
DWS 6 x 1 - PLASTIK;BAUT DWS 6 x 1;18;8;DRYWALL SCREW;1;43000;43000;43000
DWS 6 x 1 1/4;BAUT DWS 6 x 1 1/4;18;7;DRYWALL SCREW;1;7000;7000;7000
DWS 6 x 1 1/4 - PLASTIK;BAUT DWS 6 x 1 1/4;18;8;DRYWALL SCREW;1;52000;52000;52000
;;;;;;;;
RAK BTL 2 SSN;RAK BOTOL 2 SUSUN;20;6;MODELLINE;1;70000;70000;70000
RAK BTL 3 SSN;RAK BOTOL 3 SUSUN;20;6;MODELLINE;1;95000;95000;95000
;;;;;;;;
RAK PR 2 SSN;RAK PIRING 2 SUSUN;20;6;MODELLINE;1;70000;70000;70000
RAK PR 2 SSN + TATAKAN;RAK PIRING 2 SSN + TATAKAN;20;6;MODELLINE;1;95000;95000;95000
RAK PR 3 SSN;RAK PIRING 3 SUSUN;20;6;MODELLINE;1;95000;95000;95000
RAK PR 3 SSN + TATAKAN;RAK PIRING 3 SSN + TATAKAN;20;6;MODELLINE;1;115000;115000;115000
;;;;;;;;
RAK PR P60L;RAK PIRING P60L;20;6;MODELLINE;1;55000;55000;55000
RAK PR P60L + TATAKAN;RAK PIRING P60L + TATAKAN;20;6;MODELLINE;1;70000;70000;70000
RAK PR P90L;RAK PIRING P90L;20;6;MODELLINE;1;80000;80000;80000
RAK PR P90L + TATAKAN;RAK PIRING P90L + TATAKAN;20;6;MODELLINE;1;130000;130000;130000
;;;;;;;;
SEKAT LACI KECIL;SEKAT LACI KECIL;20;6;MODELLINE;1;55000;55000;55000
SEKAT LACI BESAR;SEKAT LACI BESAR;20;6;MODELLINE;1;75000;75000;75000
TD 26 SM - 30 CM;REL LACI TD 26 SM - 30 CM;23;9;HUBEN;1;75000;75000;75000
TD 26 SM - 35 CM;REL LACI TD 26 SM - 35 CM;23;9;HUBEN;1;8000;8000;8000
TD 26 SM - 40 CM;REL LACI TD 26 SM - 40 CM;23;9;HUBEN;1;85000;85000;85000
TD 26 SM - 45 CM;REL LACI TD 26 SM - 45 CM;23;9;HUBEN;1;90000;90000;90000
TD 26 SM - 50 CM;REL LACI TD 26 SM - 50 CM;23;9;HUBEN;1;95000;95000;95000
;;;;;;;;
TD 28 PO - 30 CM;REL LACI TD 28 PO - 30 CM;23;9;HUBEN;1;75000;75000;75000
TD 28 PO - 35 CM;REL LACI TD 28 PO - 35 CM;23;9;HUBEN;1;8000;8000;8000
TD 28 PO - 40 CM;REL LACI TD 28 PO - 40 CM;23;9;HUBEN;1;85000;85000;85000
TD 28 PO - 45 CM;REL LACI TD 28 PO - 45 CM;23;9;HUBEN;1;90000;90000;90000
TD 28 PO - 50 CM;REL LACI TD 28 PO - 50 CM;23;9;HUBEN;1;95000;95000;95000
;;;;;;;;
FE 37 - 30 CM;REL LACI FE 37 - 30 CM;23;9;HUBEN;1;16000;16000;16000
FE 37 - 35 CM;REL LACI FE 37 - 35 CM;23;9;HUBEN;1;18500;18500;18500
FE 37 - 40 CM;REL LACI FE 37 - 40 CM;23;9;HUBEN;1;21000;21000;21000
FE 37 - 45 CM;REL LACI FE 37 - 45 CM;23;9;HUBEN;1;23500;23500;23500
FE 37 - 50 CM;REL LACI FE 37 - 50 CM;23;9;HUBEN;1;26000;26000;26000
FE 37 - 55 CM;REL LACI FE 37 - 55 CM;23;9;HUBEN;1;28500;28500;28500
FE 37 - 60 CM;REL LACI FE 37 - 60 CM;23;9;HUBEN;1;31000;31000;31000
;;;;;;;;
FE 45 - 30 CM;REL LACI FE 45 - 30 CM;23;9;HUBEN;1;23000;23000;23000
FE 45 - 35 CM;REL LACI FE 45 - 35 CM;23;9;HUBEN;1;26000;26000;26000
FE 45 - 40 CM;REL LACI FE 45 - 40 CM;23;9;HUBEN;1;29000;29000;29000
FE 45 - 45 CM;REL LACI FE 45 - 45 CM;23;9;HUBEN;1;32000;32000;32000
FE 45 - 50 CM;REL LACI FE 45 - 50 CM;23;9;HUBEN;1;35000;35000;35000
FE 45 - 55 CM;REL LACI FE 45 - 55 CM;23;9;HUBEN;1;38000;38000;38000
FE 45 - 60 CM;REL LACI FE 45 - 60 CM;23;9;HUBEN;1;41000;41000;41000
;;;;;;;;
MT 0;MT LURUS;24;9;HUBEN;1;6000;6000;6000
MT 8;MT 1/2 BENGKOK;24;9;HUBEN;1;6000;6000;6000
MT 16;MT FULL BENGKOK;24;9;HUBEN;1;6000;6000;6000
HB 0;HB LURUS;24;9;HUBEN;1;5500;5500;5500
HB 8;HB 1/2 BENGKOK;24;9;HUBEN;1;5500;5500;5500
HB 16;HB FULL BENGKOK;24;9;HUBEN;1;5500;5500;5500
AP 0;AP LURUS;24;9;HUBEN;1;20000;20000;20000
AP 8;AP 1/2 BENGKOK;24;9;HUBEN;1;20000;20000;20000
AP 16;AP FULL BENGKOK;24;9;HUBEN;1;20000;20000;20000
SM-M2 0;SM-M2 LURUS;24;9;HUBEN;1;16000;16000;16000
SM-M2 8;SM-M2 1/2 BENGKOK;24;9;HUBEN;1;16000;16000;16000
SM-M2 16;SM-M2 FULL BENGKOK;24;9;HUBEN;1;16000;16000;16000
MH 0;MH LURUS;24;9;HUBEN;1;5000;5000;5000
MH 8;MH 1/2 BENGKOK;24;9;HUBEN;1;5000;5000;5000
MH 16;MH FULL BENGKOK;24;9;HUBEN;1;5000;5000;5000
GH 0;GH LURUS;24;9;HUBEN;1;9000;9000;9000
GH 8;GH 1/2 BENGKOK;24;9;HUBEN;1;9000;9000;9000
GH 16;GH FULL BENGKOK;24;9;HUBEN;1;9000;9000;9000
HA 0;HA LURUS;24;9;HUBEN;1;12000;12000;12000
HA 8;HA 1/2 BENGKOK;24;9;HUBEN;1;12000;12000;12000
HA 16;HA FULL BENGKOK;24;9;HUBEN;1;12000;12000;12000
;;;;;;;;
HL 181-22;KUNCI LACI HL 181-22;15;6;HUBEN;1;7500;7500;7500
HL 181 M2;KUNCI LACI HL 181 M2;15;6;HUBEN;1;6500;6500;6500
HL 138-22;KUNCI LACI HL 138-22;15;6;HUBEN;1;8000;8000;8000
HL 138-32;KUNCI LACI HL 138-32;15;6;HUBEN;1;9500;9500;9500
HL 202;KUNCI LACI HL 202;15;6;HUBEN;1;10500;10500;10500
;;;;;;;;
HL 103-20;KUNCI LACI HL 103-20;15;6;HUBEN;1;7500;7500;7500
HL 103-25;KUNCI LACI HL 103-25;15;6;HUBEN;1;8000;8000;8000
HL 103-30;KUNCI LACI HL 103-30;15;6;HUBEN;1;8000;8000;8000
HL 105;KUNCI LACI HL 105;15;6;HUBEN;1;8000;8000;8000
HL 505 M2;KUNCI LACI HL 505 M2;15;6;HUBEN;1;8500;8500;8500
;;;;;;;;
PEN 16 x 20mm;PEN IKLAN 16 x 20mm;14;6;NO BRAND;1;5500;5500;5500
PEN 16 x 25mm;PEN IKLAN 16 x 25mm;14;6;NO BRAND;1;5500;5500;5500
PEN 16 x 30mm;PEN IKLAN 16 x 30mm;14;6;NO BRAND;1;5500;5500;5500
PEN 16 x 40mm;PEN IKLAN 16 x 40mm;14;6;NO BRAND;1;5750;5750;5750
PEN 16 x 50mm;PEN IKLAN 16 x 50mm;14;6;NO BRAND;1;6000;6000;6000
PEN 16 x 60mm;PEN IKLAN 16 x 60mm;14;6;NO BRAND;1;6000;6000;6000
PEN 16 x 70mm;PEN IKLAN 16 x 70mm;14;6;NO BRAND;1;6250;6250;6250
PEN 16 x 80mm;PEN IKLAN 16 x 80mm;14;6;NO BRAND;1;6500;6500;6500
PEN 16 x 90mm;PEN IKLAN 16 x 90mm;14;6;NO BRAND;1;6750;6750;6750
PEN 16 x 100mm;PEN IKLAN 16 x 100mm;14;6;NO BRAND;1;7000;7000;7000
PEN 19 x 20mm;PEN IKLAN 19 x 20mm;14;6;NO BRAND;1;6000;6000;6000
PEN 19 x 25mm;PEN IKLAN 19 x 25mm;14;6;NO BRAND;1;6000;6000;6000
PEN 19 x 30mm;PEN IKLAN 19 x 30mm;14;6;NO BRAND;1;6000;6000;6000
PEN 19 x 40mm;PEN IKLAN 19 x 40mm;14;6;NO BRAND;1;6250;6250;6250
PEN 19 x 50mm;PEN IKLAN 19 x 50mm;14;6;NO BRAND;1;6250;6250;6250
PEN 19 x 60mm;PEN IKLAN 19 x 60mm;14;6;NO BRAND;1;6500;6500;6500
PEN 19 x 70mm;PEN IKLAN 19 x 70mm;14;6;NO BRAND;1;6750;6750;6750
PEN 19 x 80mm;PEN IKLAN 19 x 80mm;14;6;NO BRAND;1;7000;7000;7000
PEN 19 x 90mm;PEN IKLAN 19 x 90mm;14;6;NO BRAND;1;7250;7250;7250
PEN 19 x 100mm;PEN IKLAN 19 x 100mm;14;6;NO BRAND;1;8000;8000;8000
PEN 22 x 20mm;PEN IKLAN 22 x 20mm;14;6;NO BRAND;1;6500;6500;6500
PEN 22 x 25mm;PEN IKLAN  22 x 25mm;14;6;NO BRAND;1;6500;6500;6500
PEN 22 x 30mm;PEN IKLAN  22 x 30mm;14;6;NO BRAND;1;6500;6500;6500
PEN 22 x 40mm;PEN IKLAN 22 x 40mm;14;6;NO BRAND;1;6750;6750;6750
PEN 22 x 50mm;PEN IKLAN 22 x 50mm;14;6;NO BRAND;1;7000;7000;7000
PEN 22 x 60mm;PEN IKLAN 22 x 60mm;14;6;NO BRAND;1;7250;7250;7250
PEN 22 x 70mm;PEN IKLAN 22 x 70mm;14;6;NO BRAND;1;7500;7500;7500
PEN 22 x 80mm;PEN IKLAN 22 x 80mm;14;6;NO BRAND;1;7750;7750;7750
PEN 22 x 90mm;PEN IKLAN 22 x 90mm;14;6;NO BRAND;1;8250;8250;8250
PEN 22 x 100mm;PEN IKLAN 22 x 100mm;14;6;NO BRAND;1;8500;8500;8500
PEN 25 x 20mm;PEN IKLAN 25 x 20mm;14;6;NO BRAND;1;6750;6750;6750
PEN 25 x 25mm;PEN IKLAN 25 x 25mm;14;6;NO BRAND;1;6750;6750;6750
PEN 25 x 30mm;PEN IKLAN 25 x 30mm;14;6;NO BRAND;1;6750;6750;6750
PEN 25 x 40mm;PEN IKLAN 25 x 40mm;14;6;NO BRAND;1;7000;7000;7000
PEN 25 x 50mm;PEN IKLAN 25 x 50mm;14;6;NO BRAND;1;7250;7250;7250
PEN 25 x 60mm;PEN IKLAN 25 x 60mm;14;6;NO BRAND;1;7500;7500;7500
PEN 25 x 70mm;PEN IKLAN 25 x 70mm;14;6;NO BRAND;1;7750;7750;7750
PEN 25 x 80mm;PEN IKLAN 25 x 80mm;14;6;NO BRAND;1;8000;8000;8000
PEN 25 x 90mm;PEN IKLAN 25 x 90mm;14;6;NO BRAND;1;8500;8500;8500
PEN 25 x 100mm;PEN IKLAN 25 x 100mm;14;6;NO BRAND;1;9000;9000;9000
;;;;;;;;
RAK PR 600 MM;RAK PIRING SS 600 MM;20;9;HUBEN;1;170000;170000;170000
RAK PR 700 MM;RAK PIRING SS 700 MM;20;9;HUBEN;1;190000;190000;190000
RAK PR 800 MM;RAK PIRING SS 800 MM;20;9;HUBEN;1;210000;210000;210000
RAK PR 900 MM;RAK PIRING SS 900 MM;20;9;HUBEN;1;230000;230000;230000
RAK PR 1000 MM;RAK PIRING SS 1000 MM;20;9;HUBEN;1;250000;250000;250000
;;;;;;;;
AMPLAS 100;AMPLAS 100 ECER;25;1;NO BRAND;1;4000;4000;4000
AMPLAS 120;AMPLAS 120 ECER;25;1;NO BRAND;1;4000;4000;4000
AMPLAS 150;AMPLAS 150 ECER;25;1;NO BRAND;1;4000;4000;4000
AMPLAS 180;AMPLAS 180 ECER;25;1;NO BRAND;1;4000;4000;4000
AMPLAS 220;AMPLAS 220 ECER;25;1;NO BRAND;1;4000;4000;4000
AMPLAS 240;AMPLAS 240 ECER;25;1;NO BRAND;1;4000;4000;4000
AMPLAS 280;AMPLAS 280 ECER;25;1;NO BRAND;1;4000;4000;4000
AMPLAS 320;AMPLAS 320 ECER;25;1;NO BRAND;1;4000;4000;4000
AMPLAS 360;AMPLAS 360 ECER;25;1;NO BRAND;1;4000;4000;4000
AMPLAS 400;AMPLAS 400 ECER;25;1;NO BRAND;1;4000;4000;4000
AMPLAS 600;AMPLAS 600 ECER;25;1;NO BRAND;1;4000;4000;4000
AMPLAS 1200;AMPLAS 1200 ECER;25;1;NO BRAND;1;4500;4500;4500
;;;;;;;;
TA 09 - 64;TA 09 - 64;26;6;;1;7000;7000;7000
TA 09 - 96;TA 09 - 96;26;6;;1;8000;8000;8000
TA 09 - 128;TA 09 - 128;26;6;;1;9000;9000;9000
TA 09 - 160;TA 09 - 160;26;6;;1;10500;10500;10500
TA 09 - 192;TA 09 - 192;26;6;;1;11500;11500;11500
;;;;;;;;
TA 20 - 64;TA 20 - 64;26;6;;1;8000;8000;8000
TA 20 - 96;TA 20 - 96;26;6;;1;9000;9000;9000
TA 20 - 128;TA 20 - 128;26;6;;1;10500;10500;10500
TA 20 - 160;TA 20 - 160;26;6;;1;12000;12000;12000
TA 20 - 192;TA 20 - 192;26;6;;1;13500;13500;13500
;;;;;;;;
TA 43 - 96;TA 43 - 96;26;6;;1;13500;13500;13500
TA 43 - 128;TA 43 - 128;26;6;;1;15000;15000;15000
TA 43 - 160;TA 43 - 160;26;6;;1;18500;18500;18500
TA 43 - 192;TA 43 - 192;26;6;;1;22000;22000;22000
TA 43 - 256;TA 43 - 256;26;6;;1;27000;27000;27000
;;;;;;;;
TA 16 - 96;TA 16 - 96;26;6;;1;13000;13000;13000
TA 16 - 128;TA 16 - 128;26;6;;1;13500;13500;13500
TA 16 - 160;TA 16 - 160;26;6;;1;14000;14000;14000
TA 16 - 192;TA 16 - 192;26;6;;1;15000;15000;15000
;;;;;;;;
TPA 10 - 96;TPA 10 - 96;26;6;;1;11000;11000;11000
TPA 10 - 128;TPA 10 - 128;26;6;;1;12000;12000;12000
TPA 10 - 160;TPA 10 - 160;26;6;;1;13000;13000;13000
TPA 10 - 192;TPA 10 - 192;26;6;;1;14000;14000;14000
;;;;;;;;
TPA 12 - 96;TPA 12 - 96;26;6;;1;12000;12000;12000
TPA 12 - 128;TPA 12 - 128;26;6;;1;13000;13000;13000
TPA 12 - 160;TPA 12 - 160;26;6;;1;14000;14000;14000
TPA 12 - 192;TPA 12 - 192;26;6;;1;15000;15000;15000
;;;;;;;;
TA 19 - 96;TA 19 - 96;26;6;;1;13500;13500;13500
TA 19 - 128;TA 19 - 128;26;6;;1;15500;15500;15500
TA 19 - 160;TA 19 - 160;26;6;;1;17500;17500;17500
;;;;;;;;
TPA 39 - 64;TPA 39 - 64;26;6;;1;11000;11000;11000
TPA 39 - 96;TPA 39 - 96;26;6;;1;13000;13000;13000
TPA 39 - 128;TPA 39 - 128;26;6;;1;15000;15000;15000
;;;;;;;;
TA 41 - 64;TA 41 - 64;26;6;;1;16000;16000;16000
TA 41 - 128;TA 41 - 128;26;6;;1;17500;17500;17500
TA 41 - 160;TA 41 - 160;26;6;;1;21000;21000;21000
;;;;;;;;
CUM CUM;TARIKAN CUM CUM;26;6;;1;7500;7500;7500
;;;;;;;;
SD 75 ;RODA SD 75;21;9;;1;15000;15000;15000
SD 380;RODA SD 380;21;9;;1;15000;15000;15000
SD 12;RODA SD 12;21;9;;1;22000;22000;22000
SD 338;RODA SD 338;21;9;;1;15000;15000;15000
SD 388 KTK MERAH;RODA SD 388 KTK MERAH;21;9;;1;23000;23000;23000
SD 3141;RODA SD 3141;21;9;;1;15000;15000;15000
;;;;;;;;
REL SD AS999 AB 2MTR;REL PINTU SD AS999 AB 2MTR;22;9;;1;275000;275000;275000
REL SD AS999 AB 3MTR;REL PINTU SD AS999 AB 3MTR;22;9;;1;325000;325000;325000
RG 99 (2 PINTU);RODA GANTUNG 2 PINTU;21;9;;1;150000;150000;150000
RG 77 (PINTU KE 3);RODA GANTUNG PINTU KE 3;21;9;;1;85000;85000;85000
;;;;;;;;
AS 75;REL PINTU AS 75;22;10;;1;26000;26000;26000
AS 380 ;REL PINTU 380;22;10;;1;34000;34000;34000
REL U SILVER;REL U SILVER;22;10;;1;22000;22000;22000
REL M SILVER;REL M SILVER;22;10;;1;22000;22000;22000
REL U COKLAT;REL U COKLAT;22;10;;1;22000;22000;22000
REL M COKLAT;REL M COKLAT;22;10;;1;22000;22000;22000
REL U M SILVER;REL U M SILVER;22;10;;1;42000;42000;42000
REL U M COKLAT;REL U M COKLAT;22;10;;1;42000;42000;42000
;;;;;;;;
SK 10MM CHR;SKRUP KACA 10 MM CHROME;18;6;;1;3500;3500;3500
SK 12MM CHR;SKRUP KACA 12 MM CHROME;18;6;;1;3750;3750;3750
SK 14MM CHR;SKRUP KACA 14 MM CHROME;18;6;;1;4000;4000;4000
SK 16MM CHR;SKRUP KACA 16 MM CHROME;18;6;;1;4250;4250;4250
SK 18MM CHR;SKRUP KACA 18 MM CHROME;18;6;;1;5000;5000;5000
;;;;;;;;
SK 16MM SS;SKRUP KACA 16 MM STAINLESS;18;6;;1;3500;3500;3500
SK 19MM SS;SKRUP KACA 19 MM STAINLESS;18;6;;1;3750;3750;3750
SK 22MM SS;SKRUP KACA 22 MM STAINLESS;18;6;;1;4000;4000;4000
SK 25MM SS;SKRUP KACA 25 MM STAINLESS;18;6;;1;4250;4250;4250
SK 30MM SS;SKRUP KACA 30 MM STAINLESS;18;6;;1;4500;4500;4500
SK 40MM SS;SKRUP KACA 40 MM STAINLESS;18;6;;1;5000;5000;5000
SK 50MM SS;SKRUP KACA 50 MM STAINLESS;18;6;;1;5750;5750;5750
;;;;;;;;
TL 30 x 10mm;TATAKAN LASER 30 X 10MM;18;6;;1;6000;6000;6000
TL 40 x 10mm;TATAKAN LASER 40 X 10MM;18;6;;1;7000;7000;7000
TL 50 x 10mm;TATAKAN LASER 50 X 10MM;18;6;;1;8500;8500;8500
TL 60 x 10mm;TATAKAN LASER 60 X 10MM;18;6;;1;10500;10500;10500
TL 70 x 10mm;TATAKAN LASER 70 X 10MM;18;6;;1;13500;13500;13500
LEM TL 10ML/BTL;LEM TATAKAN LASER 10ML/BOTOL;9;11;;1;38000;38000;38000
LEM TL 100ML/BTL;LEM TATAKAN LASER 100ML/BOTOL;9;11;;1;280000;280000;280000
;;;;;;;;
KM 20;RING MEJA KM 20;14;9;;1;70000;70000;70000
KM 30;RING MEJA KM 30;14;9;;1;85000;85000;85000
KM 40;RING MEJA KM 40;14;9;;1;100000;100000;100000
KM 50;RING MEJA KM 50;14;9;;1;115000;115000;115000
;;;;;;;;
MAGNIT SINGLE;MAGNIT SINGLE;14;6;;1;5000;5000;5000
MAGNIT DOUBLE;MAGNIT DOUBLE;14;6;;1;6000;6000;6000
MAGNIT MP-33;MAGNIT MP-33;14;6;;1;6000;6000;6000
PUSH SINGLE;PUSH SINGLE;14;6;;1;5000;5000;5000
PUSH DOUBLE;PUSH DOUBLE;14;6;;1;6000;6000;6000
ENGSEL T-86;ENGSEL T-86;24;6;;1;8500;8500;8500
NYLON SOCKET 10;NYLON SOCKET 10;14;6;;1;450;450;450
NYLON SOCKET 8;NYLON SOCKET 8;14;6;;1;450;450;450
GP-27 GRENDEL;GP-27 GRENDEL;14;6;;1;5500;5500;5500
JUNIOR LIFT;JUNIOR LIFT;14;6;;1;400000;400000;400000
SIKU FRAME AH-45;SIKU FRAME AH-45;19;6;;1;7000;7000;7000
SIKU FRAME AH-21;SIKU FRAME AH-21;19;6;;1;5000;5000;5000
SIKU SA-19;SIKU SA-19;19;6;;1;5000;5000;5000
BAUT AH-45;BAUT AH-45;18;6;;1;450;450;450
TRAPES;TRAPES;16;6;;1;2500;2500;2500
GAS SPRING;GAS SPRING;24;6;;1;15000;15000;15000
DUMPER HIDROLIS;DUMPER HIDROLIS;24;6;;1;7500;7500;7500
FISHER 5 x 11;FISHER 5 x 11;18;6;;1;200;200;200
FISHER 5 x 9;FISHER 5 x 9;18;6;;1;200;200;200
DECO - 80;1 Pintu 80 kg;22;9;KNOCKERS;1;275000;275000;275000
DECO - 100;1 Pintu 100 kg;22;9;KNOCKERS;1;302500;302500;302500
DECO - 80 MIX;2 Pintu 80 kg hidrolis;22;9;KNOCKERS;1;2125000;2125000;2125000
DECO - 20;Rel atas 2m;22;10;KNOCKERS;1;147500;147500;147500
DECO - 30;Rel atas 3m;22;10;KNOCKERS;1;250000;250000;250000
DECO - 40;Rel atas 4m;22;10;KNOCKERS;1;366500;366500;366500
BRC - 040;Braket tembok;22;6;KNOCKERS;1;16000;16000;16000
TP - 025;Rel guide bawah 2,5m;22;10;KNOCKERS;1;37500;37500;37500
SCD - 040;Hidrolis Deco 80 & 100;22;9;KNOCKERS;1;97000;97000;97000
;;;;;;;;
DM - 100HW;1 Pintu Kaca 80kg;22;9;KNOCKERS;1;550000;550000;550000
HW - 80;1 Pintu Kayu 80kg ;22;9;KNOCKERS;1;440000;440000;440000
THW - 025;Rel atas 2,5m;22;10;KNOCKERS;1;440000;440000;440000
THW - 035;Rel atas 3,5m;22;10;KNOCKERS;1;590000;590000;590000
;;;;;;;;
SYN - 02;2 Pintu Kayu;22;9;KNOCKERS;1;2585000;2585000;2585000
SYN - 03;2 Pintu Kaca;22;9;KNOCKERS;1;2940000;2940000;2940000
;;;;;;;;
TLS - 02W;2 Pintu Kayu;22;9;KNOCKERS;1;2585000;2585000;2585000
TLS - 03W;3 Pintu Kayu;22;9;KNOCKERS;1;3475000;3475000;3475000
TLS - 02GL;2 Pintu Kaca;22;9;KNOCKERS;1;3025000;3025000;3025000
TLS - 03GL;3 Pintu Kaca;22;9;KNOCKERS;1;4015000;4015000;4015000
TLS - A2500;Rel atas 2,5m;22;10;KNOCKERS;1;550000;550000;550000
TLS - A3500;Rel atas 3,5m;22;10;KNOCKERS;1;770000;770000;770000
TLS - B2500;Rel bawah 2,5m;22;10;KNOCKERS;1;275000;275000;275000
TLS - B3500;Rel bawah 3,5m;22;10;KNOCKERS;1;385000;385000;385000
;;;;;;;;
P1 - 50E;1 Pintu 50kg(P50E);22;9;KNOCKERS;1;9000000;9000000;9000000
P2 - 50E;2 Pintu 50kg(P52E);22;9;KNOCKERS;1;22000000;22000000;22000000
P2SYN - 50E;2 Pintu 50kg(P51E);22;9;KNOCKERS;1;11000000;11000000;11000000
P4SYN - 50E;4 Pintu 50kg(P53E);22;9;KNOCKERS;1;22000000;22000000;22000000
;;;;;;;;
P80E WD /SA;1 pintu kayu 80kg;22;9;KNOCKERS;1;7700000;7700000;7700000
P80E GL /SA;1 pintu kaca 80kg;22;9;KNOCKERS;1;8525000;8525000;8525000
;;;;;;;;
SE - 40;1 Pintu Kayu 40kg;22;9;KNOCKERS;1;440000;440000;440000
SE - 40GL;1 Pintu Kaca 40kg;22;9;KNOCKERS;1;550000;550000;550000
TSE - 025;Rel atas 2,5m;22;10;KNOCKERS;1;440000;440000;440000
TSE - 035;Rel atas 3,5m;22;10;KNOCKERS;1;550000;550000;550000
USE - 025;Rel bawah 2,5m;22;10;KNOCKERS;1;275000;275000;275000
USE - 035;Rel bawah 3,5m;22;10;KNOCKERS;1;385000;385000;385000
;;;;;;;;
P80 WD;1 pintu kayu 80kg;22;9;KNOCKERS;1;880000;880000;880000
P80 GL;1 pintu kayu 80kg;22;9;KNOCKERS;1;990000;990000;990000
TPS - A2500;Rel atas 2,5m;22;10;KNOCKERS;1;1440000;1440000;1440000
TPS - A3500;Rel atas 3,5m;22;10;KNOCKERS;1;1588500;1588500;1588500
TPS - B2500;Rel bawah 2,5m;22;10;KNOCKERS;1;275000;275000;275000
TPS - B3500;Rel bawah 3,5m;22;10;KNOCKERS;1;385000;385000;385000
;;;;;;;;
P200 WD;1 pintu kayu 200kg;22;9;KNOCKERS;1;2310000;2310000;2310000
P200 GL;1 pintu kayu 200kg;22;9;KNOCKERS;1;2530000;2530000;2530000
TP200 - A2500;Rel atas 2,5m;22;10;KNOCKERS;1;2475000;2475000;2475000
TP200 - A3500;Rel atas 3,5m;22;10;KNOCKERS;1;3850000;3850000;3850000
TP200 - B2500;Rel bawah 2,5m;22;10;KNOCKERS;1;440000;440000;440000
TP200 - B3500;Rel bawah 3,5m;22;10;KNOCKERS;1;550000;550000;550000
;;;;;;;;
P60 WD;1 pintu kayu 60kg;22;9;KNOCKERS;1;550000;550000;550000
P60 GL;1 pintu kayu 60kg;22;9;KNOCKERS;1;825000;825000;825000
TLS - A2500;Rel atas 2,5m;22;10;KNOCKERS;1;550000;550000;550000
TLS - A3500;Rel atas 3,5m;22;10;KNOCKERS;1;770000;770000;770000
TLS - B2500;Rel bawah 2,5m;22;10;KNOCKERS;1;275000;275000;275000
TLS - B3500;Rel bawah 3,5m;22;10;KNOCKERS;1;385000;385000;385000
;;;;;;;;
P100 WD;1 pintu kayu 100kg;22;9;KNOCKERS;1;1770000;1770000;1770000
P100 GL;1 pintu kayu 100kg;22;9;KNOCKERS;1;1935000;1935000;1935000
TP100 - A2500;Rel atas 2,5m;22;10;KNOCKERS;1;1440000;1440000;1440000
TP100 - A3500;Rel atas 3,5m;22;10;KNOCKERS;1;1588500;1588500;1588500
TP100 - B2500;Rel bawah 2,5m;22;10;KNOCKERS;1;275000;275000;275000
TP100 - B3500;Rel bawah 3,5m;22;10;KNOCKERS;1;385000;385000;385000
;;;;;;;;
P350 WD;1 pintu kayu 350kg;22;9;KNOCKERS;1;3025000;3025000;3025000
P350 GL;1 pintu kayu 350kg;22;9;KNOCKERS;1;3520000;3520000;3520000
TP350 - A2500;Rel atas 2,5m;22;10;KNOCKERS;1;2475000;2475000;2475000
TP350 - A3500;Rel atas 3,5m;22;10;KNOCKERS;1;3850000;3850000;3850000
TP350 - B2500;Rel bawah 2,5m;22;10;KNOCKERS;1;440000;440000;440000
TP350 - B3500;Rel bawah 3,5m;22;10;KNOCKERS;1;595000;595000;595000
;;;;;;;;
SD - 032A;Fitting 2 pintu 40kg;22;9;KNOCKERS;1;368500;368500;368500
SD - 033A;Fitting 3 pintu 40kg;22;9;KNOCKERS;1;588500;588500;588500
TA - 325;Rel atas bawah 2,5m;22;9;KNOCKERS;1;429000;429000;429000
TA - 335;Rel atas bawah 3,5m;22;9;KNOCKERS;1;596500;596500;596500
;;;;;;;;
SD - 001;Fitting 2 pintu 40kg;22;9;KNOCKERS;1;550000;550000;550000
SD - 003;Fitting 3 pintu 40kg;22;9;KNOCKERS;1;825000;825000;825000
TA - 2.5 mtr;Rel atas bawah 2,5m;22;9;KNOCKERS;1;550000;550000;550000
TA - 3.5 mtr;Rel atas bawah 3,5m;22;9;KNOCKERS;1;770000;770000;770000
;;;;;;;;
K - 70;Fitting 2 pintu 70kg;22;9;KNOCKERS;1;1320000;1320000;1320000
K - 73;Fitting 3 pintu 70kg;22;9;KNOCKERS;1;2125000;2125000;2125000
TA - 725;Rel atas bawah 2,5m;22;9;KNOCKERS;1;733000;733000;733000
TA - 735;Rel atas bawah 3,5m;22;9;KNOCKERS;1;1030000;1030000;1030000
;;;;;;;;
MU - 02;Fitting 2 pintu 80kg;22;9;KNOCKERS;1;1512500;1512500;1512500
MU - 03;Fitting 3 pintu 80kg;22;9;KNOCKERS;1;2178000;2178000;2178000
TMU - 025;Rel atas bawah 2,5m;22;9;KNOCKERS;1;660000;660000;660000
TMU - 035;Rel atas bawah 3,5m;22;9;KNOCKERS;1;935000;935000;935000
;;;;;;;;
SD - 050;;;9;KNOCKERS;1;1171500;1171500;1171500
SD - 053;;;9;KNOCKERS;1;1760000;1760000;1760000
TA - 525;;;9;KNOCKERS;1;660000;660000;660000
TA - 535;;;9;KNOCKERS;1;935000;935000;935000
;;;;;;;;
SD - 022;Fitting 2 pintu 40kg;;9;KNOCKERS;1;517000;517000;517000
SD - 023;Fitting 3 pintu 40kg;;9;KNOCKERS;1;770000;770000;770000
TA - 225;Rel atas bawah 2,5m;;9;KNOCKERS;1;517000;517000;517000
TA - 235;Rel atas bawah 3,5m;;9;KNOCKERS;1;720500;720500;720500
;;;;;;;;
P - 15 WD;1 pintu kayu 15kg;;9;KNOCKERS;1;440000;440000;440000
P - 15 GL;1 pintu kaca 15kg;;9;KNOCKERS;1;495000;495000;495000
TPS 15 - 020A;Rel atas 2m (Single);;9;KNOCKERS;1;104500;104500;104500
TPD 15 - 020A;Rel atas 2m (Double);;9;KNOCKERS;1;132000;132000;132000
TP 15 - 020B;Rel bawah 2m;;9;KNOCKERS;1;27000;27000;27000
;;;;;1;;;
P - 30 WD;1 pintu kayu 30kg;;9;KNOCKERS;1;624000;624000;624000
P - 30 GL;1 pintu kaca 30kg;;9;KNOCKERS;1;693000;693000;693000
TPS 30 - 020AB;Rel atas bawah 2m;;9;KNOCKERS;1;126500;126500;126500
TPS 30 - 025AB;Rel atas bawah 2,5m;;9;KNOCKERS;1;154000;154000;154000
;;;;;1;;;
BBSC - 30;BALL BEARING SOFT CLOSING 30 CM;;6;KNOCKERS;1;80000;80000;80000
BBSC - 35;BALL BEARING SOFT CLOSING 35 CM;;6;KNOCKERS;1;100000;100000;100000
BBSC - 40;BALL BEARING SOFT CLOSING 40 CM;;6;KNOCKERS;1;115000;115000;115000
BBSC - 45;BALL BEARING SOFT CLOSING 45 CM;;6;KNOCKERS;1;125000;125000;125000
BBSC - 50;BALL BEARING SOFT CLOSING 50 CM;;6;KNOCKERS;1;140000;140000;140000
BBSC - 55;BALL BEARING SOFT CLOSING 55 CM;;6;KNOCKERS;1;155000;155000;155000
;;;;;1;;;
TSMS - 30;TANDEM SOFT CLOSING SINGLE EXT 30 CM;;6;KNOCKERS;1;105000;105000;105000
TSMS - 35;TANDEM SOFT CLOSING SINGLE EXT 35 CM;;6;KNOCKERS;1;110000;110000;110000
TSMS - 40;TANDEM SOFT CLOSING SINGLE EXT 40 CM;;6;KNOCKERS;1;115000;115000;115000
TSMS - 45;TANDEM SOFT CLOSING SINGLE EXT 45 CM;;6;KNOCKERS;1;120000;120000;120000
TSMS - 50;TANDEM SOFT CLOSING SINGLE EXT 50 CM;;6;KNOCKERS;1;130000;130000;130000
TSMS - 55;TANDEM SOFT CLOSING SINGLE EXT 55 CM;;6;KNOCKERS;1;135000;135000;135000
;;;;;1;;;
TSMF - 30;TANDEM SOFT CLOSING FULL EXT 30 CM;;6;KNOCKERS;1;145000;145000;145000
TSMF - 35;TANDEM SOFT CLOSING FULL EXT 35 CM;;6;KNOCKERS;1;150000;150000;150000
TSMF - 40;TANDEM SOFT CLOSING FULL EXT 40 CM;;6;KNOCKERS;1;155000;155000;155000
TSMF - 45;TANDEM SOFT CLOSING FULL EXT 45 CM;;6;KNOCKERS;1;160000;160000;160000
TSMF - 50;TANDEM SOFT CLOSING FULL EXT 50 CM;;6;KNOCKERS;1;170000;170000;170000
TSMF - 55;TANDEM SOFT CLOSING FULL EXT 55 CM;;6;KNOCKERS;1;175000;175000;175000
;;;;;1;;;
BBPT - 30;BALL BEARING PUSH TO OPEN 30 CM;;6;KNOCKERS;1;75000;75000;75000
BBPT - 35;BALL BEARING PUSH TO OPEN 35 CM;;6;KNOCKERS;1;95000;95000;95000
BBPT - 40;BALL BEARING PUSH TO OPEN 40 CM;;6;KNOCKERS;1;110000;110000;110000
BBPT - 45;BALL BEARING PUSH TO OPEN 45 CM;;6;KNOCKERS;1;120000;120000;120000
BBPT - 50;BALL BEARING PUSH TO OPEN 50 CM;;6;KNOCKERS;1;135000;135000;135000
BBPT - 55;BALL BEARING PUSH TO OPEN 55 CM;;6;KNOCKERS;1;145000;145000;145000
;;;;;1;;;
ES - 30;DRAWER RUNNER W/ SILENT GREEN WHEEL 30 CM;;6;KNOCKERS;1;18000;18000;18000
ES - 35;DRAWER RUNNER W/ SILENT GREEN WHEEL 35 CM;;6;KNOCKERS;1;18500;18500;18500
ES - 40;DRAWER RUNNER W/ SILENT GREEN WHEEL 40 CM;;6;KNOCKERS;1;20500;20500;20500
ES - 45;DRAWER RUNNER W/ SILENT GREEN WHEEL 45 CM;;6;KNOCKERS;1;22000;22000;22000
ES - 50;DRAWER RUNNER W/ SILENT GREEN WHEEL 50 CM;;6;KNOCKERS;1;23000;23000;23000
ES - 55;DRAWER RUNNER W/ SILENT GREEN WHEEL 55 CM;;6;KNOCKERS;1;26500;26500;26500
;;;;;1;;;
SCH - 01 LURUS;ENGSEL ;;6;KNOCKERS;1;38000;38000;38000
SCH - 02  1/2 TEKUK;;;6;KNOCKERS;1;39000;39000;39000
SCH - 03 FULL TEKUK;;;6;KNOCKERS;1;40000;40000;40000
PTO - 01;;;6;KNOCKERS;1;27000;27000;27000
PTO - 02;;;6;KNOCKERS;1;30000;30000;30000
PTO - 03;;;6;KNOCKERS;1;31000;31000;31000
;;;;;1;;;
PH - 001;;;6;KNOCKERS;1;150000;150000;150000
RBD - 01;;;6;KNOCKERS;1;44000;44000;44000
;;;;;1;;;
PRH - 01;;;6;KNOCKERS;1;49000;49000;49000
PRH - 02;;;6;KNOCKERS;1;51000;51000;51000
PRH - 03;;;6;KNOCKERS;1;53000;53000;53000
;;;;;1;;;
EM - 01;;;6;KNOCKERS;1;15000;15000;15000
EM - 02;;;6;KNOCKERS;1;16000;16000;16000
EM - 03;;;6;KNOCKERS;1;17000;17000;17000
SCHB - 01;;;6;KNOCKERS;1;52000;52000;52000
SCHB - 02;;;6;KNOCKERS;1;54000;54000;54000
SCHB - 03;;;6;KNOCKERS;1;56000;56000;56000
;;;;;1;;;
DEV 02;;;6;KNOCKERS;1;88000;88000;88000
DBF 03;;;6;KNOCKERS;1;27000;27000;27000
;;;;;1;;;
SCHE 01;;;6;KNOCKERS;1;28000;28000;28000
SCHE 02;;;6;KNOCKERS;1;30000;30000;30000
SCHE 03;;;6;KNOCKERS;1;32000;32000;32000
;;;;;1;;;
GDH - 01;ENGSEL;;6;KNOCKERS;1;52000;52000;52000
GDH - 02;;;6;KNOCKERS;1;53000;53000;53000
GDH - 03;;;6;KNOCKERS;1;55000;55000;55000
UT - 01;;;6;KNOCKERS;1;58000;58000;58000
UT - 02;;;6;KNOCKERS;1;60000;60000;60000
UT - 03;;;6;KNOCKERS;1;62000;62000;62000
;;;;;1;;;
KLE - 22;KUNCI;;6;KNOCKERS;1;11000;11000;11000
KLK - 22;;;6;KNOCKERS;1;35500;35500;35500
KLK - 26;;;6;KNOCKERS;1;37500;37500;37500
KLK - 32;;;6;KNOCKERS;1;44000;44000;44000
KMK;;;6;KNOCKERS;1;16500;16500;16500
KRK;;;6;KNOCKERS;1;5500;5500;5500
;;;;;1;;;
KEK - 22;KUNCI;;6;KNOCKERS;1;93500;93500;93500
KEK - 26;;;6;KNOCKERS;1;99000;99000;99000
KEK - 32;;;6;KNOCKERS;1;105000;105000;105000
KRS - 22;;;6;KNOCKERS;1;40000;40000;40000
KPL - 22;;;6;KNOCKERS;1;39000;39000;39000
KCL - 22;;;6;KNOCKERS;1;39000;39000;39000
;;;;;1;;;
KCS - 600;KUNCI;;6;KNOCKERS;1;55000;55000;55000
KCS - 1200;;;6;KNOCKERS;1;65000;65000;65000
KCD - 600;;;6;KNOCKERS;1;57500;57500;57500
KCD - 1200;;;6;KNOCKERS;1;67500;67500;67500
COM - 04;;;6;KNOCKERS;1;84000;84000;84000
;;;;;1;;;
GS 80;GAS SPRING 80;;6;KNOCKERS;1;22000;22000;22000
GS 100;GAS SPRING 100;;6;KNOCKERS;1;24500;24500;24500
GS 120;GAS SPRING 120;;6;KNOCKERS;1;26500;26500;26500
GS 150;GAS SPRING 150;;6;KNOCKERS;1;28500;28500;28500
